toxicity,similarity
0.996455729007721,0.9982556700706482
0.9964359998703003,0.9960737228393555
0.9964941143989563,0.9957196116447449
